{
    "type": "minecraft:decorated",
    "config": {
      "decorator": {
        "type": "minecraft:count",
        "config": {
          "count": 256
        }
      },
      "feature": {
        "type": "minecraft:decorated",
        "config": {
          "decorator": {
            "type": "minecraft:square",
            "config": {}
          },
          "feature": {
            "type": "minecraft:decorated",
            "config": {
              "decorator": {
                "type": "minecraft:range",
                "config": {
                  "height": {
                    "type": "minecraft:uniform",
                    "min_inclusive": {
                      "above_bottom": 0
                    },
                    "max_inclusive": {
                      "absolute": 256
                    }
                  }
                }
              },
              "feature": {
                "type": "minecraft:ore",
                "config": {
                  "size": 45,
                  "discard_chance_on_air_exposure": 0,
                  "targets": [
                    {
                      "target": {
                        "predicate_type": "minecraft:block_match",
                        "block": "minecraft:air"
                      },
                      "state": {
                        "Name": "minecraft:water",
                        "Properties": {
                          "level": "15"
                        }
                      }
                    }
                  ]
                }
              }
            }
          }
        }
      }
    }
  }