{
    "surface_builder": "minecraft:basalt_deltas",
    "depth": 0.1,
    "scale": 0.2,
    "temperature": 2,
    "downfall": 0,
    "precipitation": "none",
    "category": "nether",
    "player_spawn_friendly": false,
    "effects": {
      "sky_color": 16740464,
      "fog_color": 6840176,
      "water_color": 12950444,
      "water_fog_color": 4341310,
      "grass_color": 5655885,
      "foliage_color": 4996413,
      "ambient_sound": "minecraft:ambient.basalt_deltas.loop",
      "mood_sound": {
        "sound": "minecraft:ambient.basalt_deltas.mood",
        "tick_delay": 6000,
        "block_search_extent": 8,
        "offset": 2
      },
      "additions_sound": {
        "sound": "minecraft:ambient.basalt_deltas.additions",
        "tick_chance": 0.0111
      },
      "music": {
        "sound": "minecraft:music.nether.basalt_deltas",
        "min_delay": 12000,
        "max_delay": 24000,
        "replace_current_music": false
      },
      "particle": {
        "options": {
          "type": "minecraft:white_ash"
        },
        "probability": 0.118093334
      }
    },
    "starts": [
      "minecraft:ruined_portal_nether",
      "minecraft:fortress"
    ],
    "spawners": {
      "monster": [
        {
          "type": "minecraft:ghast",
          "weight": 40,
          "minCount": 1,
          "maxCount": 1
        },
        {
          "type": "minecraft:magma_cube",
          "weight": 100,
          "minCount": 2,
          "maxCount": 5
        }
      ],
      "creature": [
        {
          "type": "minecraft:strider",
          "weight": 60,
          "minCount": 1,
          "maxCount": 2
        }
      ],
      "ambient": [],
      "underground_water_creature": [],
      "water_creature": [],
      "water_ambient": [],
      "misc": []
    },
    "spawn_costs": {},
    "carvers": {
      "air": [
        "minecraft:prototype_canyon",
        "minecraft:prototype_cave",
        "minecraft:prototype_crevice",
        "minecraft:protob"
      ]
    },
    "features": [
      [],
      [],
      [      
        "minecraft:amegeode/tiny",
        "minecraft:amegeode/mini",
        "minecraft:amegeode/small",
        "minecraft:amegeode/smallish",
        "minecraft:amegeode/medium",
        "minecraft:amegeode/big",
        "minecraft:amegeode/huge",
        "minecraft:amegeode/massive",
        
        "minecraft:coppergeode/tiny",
        "minecraft:coppergeode/mini",
        "minecraft:coppergeode/small",
        "minecraft:coppergeode/smallish",
        "minecraft:coppergeode/medium",
        "minecraft:coppergeode/big",
        "minecraft:coppergeode/huge",
        "minecraft:coppergeode/massive",
  
        "minecraft:goldgeode/tiny",
        "minecraft:goldgeode/mini",
        "minecraft:goldgeode/small",
        "minecraft:goldgeode/smallish",
        "minecraft:goldgeode/medium",
        "minecraft:goldgeode/big",
        "minecraft:goldgeode/huge",
        "minecraft:goldgeode/massive",
  
        "minecraft:irongeode/tiny",
        "minecraft:irongeode/mini",
        "minecraft:irongeode/small",
        "minecraft:irongeode/smallish",
        "minecraft:irongeode/medium",
        "minecraft:irongeode/big",
        "minecraft:irongeode/huge",
        "minecraft:irongeode/massive"],
      [],
      [
        "minecraft:delta",
        "minecraft:small_basalt_columns",
        "minecraft:large_basalt_columns"
      ],
      [],
      [],
      [
        "minecraft:basalt_blobs",
        "minecraft:blackstone_blobs",
        "minecraft:spring_delta",
        "minecraft:patch_fire",
        "minecraft:patch_soul_fire",
        "minecraft:glowstone_extra",
        "minecraft:glowstone",
        "minecraft:brown_mushroom_nether",
        "minecraft:red_mushroom_nether",
        "minecraft:ore_magma",
        "minecraft:spring_closed_double",
        "minecraft:ore_gold_deltas",
        "minecraft:ore_quartz_deltas",
        "minecraft:ore_debris_large",
        "minecraft:ore_debris_small"
      ],
      [
        "minecraft:spring_lava_double"
      ]
    ]
  }