{
    "surface_builder": "minecraft:nether",
    "depth": 0.1,
    "scale": 0.2,
    "temperature": 2,
    "downfall": 0,
    "precipitation": "none",
    "category": "nether",
    "player_spawn_friendly": false,
    "effects": {
      "sky_color": 16734039,
      "fog_color": 3344392,
      "water_color": 14958399,
      "water_fog_color": 3343621,
      "grass_color": 7541009,
      "foliage_color": 8654864,
      "ambient_sound": "minecraft:ambient.nether_wastes.loop",
      "mood_sound": {
        "sound": "minecraft:ambient.nether_wastes.mood",
        "tick_delay": 6000,
        "block_search_extent": 8,
        "offset": 2
      },
      "additions_sound": {
        "sound": "minecraft:ambient.nether_wastes.additions",
        "tick_chance": 0.0111
      },
      "music": {
        "sound": "minecraft:music.nether.nether_wastes",
        "min_delay": 12000,
        "max_delay": 24000,
        "replace_current_music": false
      }
    },
    "starts": [
      "minecraft:ruined_portal_nether",
      "minecraft:fortress",
      "minecraft:bastion_remnant"
    ],
    "spawners": {
      "monster": [
        {
          "type": "minecraft:ghast",
          "weight": 50,
          "minCount": 4,
          "maxCount": 4
        },
        {
          "type": "minecraft:zombified_piglin",
          "weight": 100,
          "minCount": 4,
          "maxCount": 4
        },
        {
          "type": "minecraft:magma_cube",
          "weight": 2,
          "minCount": 4,
          "maxCount": 4
        },
        {
          "type": "minecraft:enderman",
          "weight": 1,
          "minCount": 4,
          "maxCount": 4
        },
        {
          "type": "minecraft:piglin",
          "weight": 15,
          "minCount": 4,
          "maxCount": 4
        }
      ],
      "creature": [
        {
          "type": "minecraft:strider",
          "weight": 60,
          "minCount": 1,
          "maxCount": 2
        }
      ],
      "ambient": [],
      "underground_water_creature": [],
      "water_creature": [],
      "water_ambient": [],
      "misc": []
    },
    "spawn_costs": {},
    "carvers": {
      "air": [
        "minecraft:prototype_crevice",
        "minecraft:prototype_cave",
        "minecraft:prototype_canyon",
        "minecraft:protob"
      ]
    },
    "features": [
      [],
      [],
      [ 
        "minecraft:amegeode/tiny",
        "minecraft:amegeode/mini",
        "minecraft:amegeode/small",
        "minecraft:amegeode/smallish",
        "minecraft:amegeode/medium",
        "minecraft:amegeode/big",
        "minecraft:amegeode/huge",
        "minecraft:amegeode/massive",
        
        "minecraft:coppergeode/tiny",
        "minecraft:coppergeode/mini",
        "minecraft:coppergeode/small",
        "minecraft:coppergeode/smallish",
        "minecraft:coppergeode/medium",
        "minecraft:coppergeode/big",
        "minecraft:coppergeode/huge",
        "minecraft:coppergeode/massive",
  
        "minecraft:goldgeode/tiny",
        "minecraft:goldgeode/mini",
        "minecraft:goldgeode/small",
        "minecraft:goldgeode/smallish",
        "minecraft:goldgeode/medium",
        "minecraft:goldgeode/big",
        "minecraft:goldgeode/huge",
        "minecraft:goldgeode/massive",
  
        "minecraft:irongeode/tiny",
        "minecraft:irongeode/mini",
        "minecraft:irongeode/small",
        "minecraft:irongeode/smallish",
        "minecraft:irongeode/medium",
        "minecraft:irongeode/big",
        "minecraft:irongeode/huge",
        "minecraft:irongeode/massive"],
      [],
      [],
      [],
      [],
      [
        "minecraft:spring_open",
        "minecraft:patch_fire",
        "minecraft:patch_soul_fire",
        "minecraft:glowstone_extra",
        "minecraft:glowstone",
        "minecraft:brown_mushroom_nether",
        "minecraft:red_mushroom_nether",
        "minecraft:ore_magma",
        "minecraft:spring_closed",
        "minecraft:ore_gravel_nether",
        "minecraft:ore_blackstone",
        "minecraft:ore_gold_nether",
        "minecraft:ore_quartz_nether",
        "minecraft:ore_debris_large",
        "minecraft:ore_debris_small"
      ],
      [
        "minecraft:spring_lava",
        "minecraft:brown_mushroom_normal",
        "minecraft:red_mushroom_normal"
      ]
    ]
  }