{
    "surface_builder": "minecraft:soul_sand_valley",
    "depth": 0.1,
    "scale": 0.2,
    "temperature": 2,
    "downfall": 0,
    "precipitation": "none",
    "category": "nether",
    "player_spawn_friendly": false,
    "effects": {
      "sky_color": 7254527,
      "fog_color": 1787717,
      "water_color": 3836050,
      "water_fog_color": 2112336,
      "grass_color": 1787717,
      "foliage_color": 1787717,
      "ambient_sound": "minecraft:ambient.soul_sand_valley.loop",
      "mood_sound": {
        "sound": "minecraft:ambient.soul_sand_valley.mood",
        "tick_delay": 6000,
        "block_search_extent": 8,
        "offset": 2
      },
      "additions_sound": {
        "sound": "minecraft:ambient.soul_sand_valley.additions",
        "tick_chance": 0.0111
      },
      "music": {
        "sound": "minecraft:music.nether.soul_sand_valley",
        "min_delay": 12000,
        "max_delay": 24000,
        "replace_current_music": false
      },
      "particle": {
        "options": {
          "type": "minecraft:ash"
        },
        "probability": 0.00625
      }
    },
    "starts": [
      "minecraft:fortress",
      "minecraft:nether_fossil",
      "minecraft:ruined_portal_nether",
      "minecraft:bastion_remnant"
    ],
    "spawners": {
      "monster": [
        {
          "type": "minecraft:skeleton",
          "weight": 20,
          "minCount": 5,
          "maxCount": 5
        },
        {
          "type": "minecraft:ghast",
          "weight": 50,
          "minCount": 4,
          "maxCount": 4
        },
        {
          "type": "minecraft:enderman",
          "weight": 1,
          "minCount": 4,
          "maxCount": 4
        }
      ],
      "creature": [
        {
          "type": "minecraft:strider",
          "weight": 60,
          "minCount": 1,
          "maxCount": 2
        }
      ],
      "ambient": [],
      "underground_water_creature": [],
      "water_creature": [],
      "water_ambient": [],
      "misc": []
    },
    "spawn_costs": {
      "minecraft:skeleton": {
        "energy_budget": 0.15,
        "charge": 0.7
      },
      "minecraft:ghast": {
        "energy_budget": 0.15,
        "charge": 0.7
      },
      "minecraft:enderman": {
        "energy_budget": 0.15,
        "charge": 0.7
      },
      "minecraft:strider": {
        "energy_budget": 0.15,
        "charge": 0.7
      }
    },
    "carvers": {
      "air": [
        "minecraft:prototype_canyon",
        "minecraft:prototype_cave",
        "minecraft:prototype_crevice",
        "minecraft:protob"
      ]
    },
    "features": [
      [],
      [],
      [
        "minecraft:basalt_pillar",
        "minecraft:amegeode/tiny",
        "minecraft:amegeode/mini",
        "minecraft:amegeode/small",
        "minecraft:amegeode/smallish",
        "minecraft:amegeode/medium",
        "minecraft:amegeode/big",
        "minecraft:amegeode/huge",
        "minecraft:amegeode/massive",
        
        "minecraft:coppergeode/tiny",
        "minecraft:coppergeode/mini",
        "minecraft:coppergeode/small",
        "minecraft:coppergeode/smallish",
        "minecraft:coppergeode/medium",
        "minecraft:coppergeode/big",
        "minecraft:coppergeode/huge",
        "minecraft:coppergeode/massive",
  
        "minecraft:goldgeode/tiny",
        "minecraft:goldgeode/mini",
        "minecraft:goldgeode/small",
        "minecraft:goldgeode/smallish",
        "minecraft:goldgeode/medium",
        "minecraft:goldgeode/big",
        "minecraft:goldgeode/huge",
        "minecraft:goldgeode/massive",
  
        "minecraft:irongeode/tiny",
        "minecraft:irongeode/mini",
        "minecraft:irongeode/small",
        "minecraft:irongeode/smallish",
        "minecraft:irongeode/medium",
        "minecraft:irongeode/big",
        "minecraft:irongeode/huge",
        "minecraft:irongeode/massive"
      ],
      [],
      [],
      [],
      [],
      [
        "minecraft:spring_open",
        "minecraft:glowstone_extra",
        "minecraft:glowstone",
        "minecraft:patch_crimson_roots",
        "minecraft:patch_fire",
        "minecraft:patch_soul_fire",
        "minecraft:ore_magma",
        "minecraft:spring_closed",
        "minecraft:ore_soul_sand",
        "minecraft:ore_gravel_nether",
        "minecraft:ore_blackstone",
        "minecraft:ore_gold_nether",
        "minecraft:ore_quartz_nether",
        "minecraft:ore_debris_large",
        "minecraft:ore_debris_small"
      ],
      [
        "minecraft:spring_lava"
      ]
    ]
  }