{
    "type": "minecraft:cave",
    "config": {
      "probability": 0.14285715,
      "y": {
        "type": "minecraft:biased_to_bottom",
        "min_inclusive": {
          "absolute": 0
        },
        "max_inclusive": {
          "absolute": 127
        },
        "inner": 8
      },
      "yScale": 0.5,
      "lava_level": {
        "above_bottom": 10
      },
      "aquifers_enabled": false,
      "debug_settings": {
        "air_state": {
          "Name": "minecraft:crimson_button",
          "Properties": {
            "powered": "false",
            "facing": "north",
            "face": "wall"
          }
        },
        "water_state": {
          "Name": "minecraft:candle",
          "Properties": {
            "waterlogged": "false",
            "lit": "false",
            "candles": "1"
          }
        },
        "lava_state": {
          "Name": "minecraft:orange_stained_glass"
        },
        "barrier_state": {
          "Name": "minecraft:glass"
        }
      },
      "horizontal_radius_multiplier": 1,
      "vertical_radius_multiplier": 1,
      "floor_level": -0.7
    }
  }