{
    "type": "minecraft:simple_block",
    "config": {
      "to_place": {
        "type": "minecraft:weighted_state_provider",
        "entries": [
          {
            "weight": 20,
            "data": {
              "Name": "minecraft:brain_coral_fan",
              "Properties": {
                "waterlogged": "false"
              }
            }
          },
          {
            "weight": 20,
            "data": {
              "Name": "minecraft:tube_coral_fan",
              "Properties": {
                "waterlogged": "false"
              }
            }
          },
          {
            "weight": 20,
            "data": {
              "Name": "minecraft:horn_coral_fan",
              "Properties": {
                "waterlogged": "false"
              }
            }
          },
          {
            "weight": 20,
            "data": {
              "Name": "minecraft:fire_coral_fan",
              "Properties": {
                "waterlogged": "false"
              }
            }
          },
          {
            "weight": 20,
            "data": {
              "Name": "minecraft:bubble_coral_fan",
              "Properties": {
                "waterlogged": "false"
              }
            }
          },
          {
            "weight": 20,
            "data": {
              "Name": "minecraft:brain_coral",
              "Properties": {
                "waterlogged": "false"
              }
            }
          },
          {
            "weight": 20,
            "data": {
              "Name": "minecraft:tube_coral",
              "Properties": {
                "waterlogged": "false"
              }
            }
          },
          {
            "weight": 20,
            "data": {
              "Name": "minecraft:horn_coral",
              "Properties": {
                "waterlogged": "false"
              }
            }
          },
          {
            "weight": 20,
            "data": {
              "Name": "minecraft:fire_coral",
              "Properties": {
                "waterlogged": "false"
              }
            }
          },
          {
            "weight": 20,
            "data": {
              "Name": "minecraft:bubble_coral",
              "Properties": {
                "waterlogged": "false"
              }
            }
          },
          {
            "weight": 40,
            "data": {
              "Name": "minecraft:water",
              "Properties": {
                "level": "15"
              }
            }
          }
        ]
      },
      "place_on": [],
      "place_in": [],
      "place_under": []
    }
  }