{
    "type": "minecraft:overworld",
    "generator": {
      "type": "minecraft:noise",
      "seed": -7404605241918713000,
      "settings": "minecraft:overworld",
      "biome_source": {
        "type": "minecraft:multi_noise",
        "seed": -7404605241918713000,
        "altitude_noise": {
          "firstOctave": -8,
          "amplitudes": [
            1.05,
            0.9,
            0.6
          ]
        },
        "temperature_noise": {
          "firstOctave": -9,
          "amplitudes": [
            0.75,
            0.6,
            0.5
          ]
        },
        "humidity_noise": {
          "firstOctave": -9,
          "amplitudes": [
            0.75,
            0.6,
            0.5
          ]
        },
        "weirdness_noise": {
          "firstOctave": -7,
          "amplitudes": [
            0.02,
            0.02
          ]
        },
        "biomes": [
          {
            "biome": "minecraft:plains",
            "parameters": {
              "altitude": 0.2,
              "temperature": 0.2,
              "humidity": 0.21,
              "weirdness": 0.2,
              "offset": 0.2
            }
          },
          {
            "biome": "minecraft:aatreebuildup",
            "parameters": {
              "altitude": 0.21,
              "temperature": 0.21,
              "humidity": 0.22,
              "weirdness": 0.21,
              "offset": 0.21
            }
          },
          {
            "biome": "minecraft:aataigaupscale",
            "parameters": {
              "altitude": 0.22,
              "temperature": 0.22,
              "humidity": 0.23,
              "weirdness": 0.22,
              "offset": 0.22
            }
          },
          {
            "biome": "minecraft:aacenterstage",
            "parameters": {
              "altitude": 0.23,
              "temperature": 0.23,
              "humidity": 0.24,
              "weirdness": 0.23,
              "offset": 0.23
            }
          },
          {
            "biome": "minecraft:aasnowypeaks",
            "parameters": {
              "altitude": 0.231,
              "temperature": 0.231,
              "humidity": 0.25,
              "weirdness": 0.231,
              "offset": 0.231
            }
          },
          {
            "biome": "minecraft:forest",
            "parameters": {
              "altitude": 0.1,
              "temperature": -0.05,
              "humidity": 0.15,
              "weirdness": 0,
              "offset": 0.1
            }
          },
          {
            "biome": "minecraft:plains",
            "parameters": {
              "altitude": 0.05,
              "temperature": 0.1,
              "humidity": -0.1,
              "weirdness": 0,
              "offset": 0.125
            }
          }
        ]
      }
    }
  }