{
  "type": "minecraft:simple_block",
  "config": {
    "to_place": {
      "type": "minecraft:weighted_state_provider",
      "entries": [
        {
          "weight": 20,
          "data": {
            "Name": "minecraft:sculk_sensor",
            "Properties": {
              "power": "0",
              "sculk_sensor_phase": "inactive",
              "waterlogged": "false"
            }
          }
        }
      ]
    },
    "place_on": [],
    "place_in": [],
    "place_under": []
  }
}