{
    "type": "minecraft:decorated",
    "config": {
      "decorator": {
        "type": "minecraft:count",
        "config": {
          "count": 8
        }
      },
      "feature": {
        "type": "minecraft:decorated",
        "config": {
          "decorator": {
            "type": "minecraft:square",
            "config": {}
          },
          "feature": {
            "type": "minecraft:decorated",
            "config": {
              "decorator": {
                "type": "minecraft:range",
                "config": {
                  "height": {
                    "type": "minecraft:uniform",
                    "min_inclusive": {
                      "above_bottom": 0
                    },
                    "max_inclusive": {
                      "absolute": 60
                    }
                  }
                }
              },
              "feature": {
                "type": "minecraft:decorated",
                "config": {
                  "decorator": {
                    "type": "minecraft:cave_surface",
                    "config": {
                      "surface": "ceiling",
                      "floor_to_ceiling_search_range": 12
                    }
                  },
                  "feature": {
                    "type": "minecraft:simple_block",
                    "config": {
                      "to_place": {
                        "type": "minecraft:simple_state_provider",
                        "state": {
                          "Name": "minecraft:spore_blossom"
                        }
                      },
                      "place_on": [],
                      "place_in": [],
                      "place_under": []
                    }
                  }
                }
              }
            }
          }
        }
      }
    }
  }