{
    "type": "minecraft:waterlogged_vegetation_patch",
    "config": {
      "surface": "floor",
      "depth": 6,
      "vertical_range": 10,
      "extra_bottom_block_chance": 0.8,
      "extra_edge_column_chance": 0.7,
      "vegetation_chance": 0.1,
      "xz_radius": {
        "type": "minecraft:uniform",
        "value": {
          "min_inclusive": 8,
          "max_inclusive": 14
        }
      },
      "replaceable": "minecraft:lush_ground_replaceable",
      "ground_state": {
        "type": "minecraft:simple_state_provider",
        "state": {
          "Name": "minecraft:blue_ice"
        }
      },
      "vegetation_feature": "minecraft:dripleaf"
    }
  }