{
    "type": "minecraft:decorated",
    "config": {
      "decorator": {
        "type": "minecraft:count_noise",
        "config": {
          "noise_level": -0.8,
          "below_noise": 0,
          "above_noise": 7
        }
      },
      "feature": {
        "type": "minecraft:decorated",
        "config": {
          "decorator": {
            "type": "minecraft:square",
            "config": {}
          },
          "feature": {
            "type": "minecraft:decorated",
            "config": {
              "decorator": {
                "type": "minecraft:heightmap",
                "config": {
                  "heightmap": "MOTION_BLOCKING"
                }
              },
              "feature": {
                "type": "minecraft:decorated",
                "config": {
                  "decorator": {
                    "type": "minecraft:spread_32_above",
                    "config": {}
                  },
                  "feature": {
                    "type": "minecraft:random_patch",
                    "config": {
                      "can_replace": false,
                      "project": false,
                      "need_water": false,
                      "xspread": 7,
                      "yspread": 3,
                      "zspread": 7,
                      "tries": 64,
                      "state_provider": {
                        "type": "minecraft:simple_state_provider",
                        "state": {
                          "Name": "minecraft:tall_grass",
                          "Properties": {
                            "half": "lower"
                          }
                        }
                      },
                      "block_placer": {
                        "type": "minecraft:double_plant_placer"
                      },
                      "whitelist": [],
                      "blacklist": []
                    }
                  }
                }
              }
            }
          }
        }
      }
    }
  }