{
    "type": "minecraft:decorated",
    "config": {
      "decorator": {
        "type": "minecraft:chance",
        "config": {
          "chance": 2
        }
      },
      "feature": {
        "type": "minecraft:decorated",
        "config": {
          "decorator": {
            "type": "minecraft:square",
            "config": {}
          },
          "feature": {
            "type": "minecraft:decorated",
            "config": {
              "decorator": {
                "type": "minecraft:range",
                "config": {
                  "height": {
                    "type": "minecraft:uniform",
                    "min_inclusive": {
                      "above_bottom": 0
                    },
                    "max_inclusive": {
                      "absolute": 60
                    }
                  }
                }
              },
              "feature": {
                "type": "minecraft:decorated",
                "config": {
                  "decorator": {
                    "type": "minecraft:cave_surface",
                    "config": {
                      "surface": "ceiling",
                      "floor_to_ceiling_search_range": 12
                    }
                  },
                  "feature": {
                    "type": "minecraft:root_system",
                    "config": {
                      "required_vertical_space_for_tree": 3,
                      "root_radius": 3,
                      "root_placement_attempts": 20,
                      "root_column_max_height": 100,
                      "hanging_root_radius": 3,
                      "hanging_roots_vertical_span": 2,
                      "hanging_root_placement_attempts": 20,
                      "allowed_vertical_water_for_tree": 3,
                      "root_replaceable": "minecraft:lush_ground_replaceable",
                      "root_state_provider": {
                        "type": "minecraft:simple_state_provider",
                        "state": {
                          "Name": "minecraft:rooted_dirt"
                        }
                      },
                      "hanging_root_state_provider": {
                        "type": "minecraft:simple_state_provider",
                        "state": {
                          "Name": "minecraft:hanging_roots",
                          "Properties": {
                            "waterlogged": "false"
                          }
                        }
                      },
                      "feature": "minecraft:azalea_tree"
                    }
                  }
                }
              }
            }
          }
        }
      }
    }
  }