{
    "type": "minecraft:nether_cave",
    "config": {
      "probability": 0.33333334,
      "y": {
        "type": "minecraft:uniform",
        "min_inclusive": {
          "above_bottom": 8
        },
        "max_inclusive": {
          "absolute": 126
        }
      },
      "yScale": {
        "type": "minecraft:uniform",
        "value": {
          "min_inclusive": 0.1,
          "max_exclusive": 0.9
        }
      },
      "lava_level": {
        "above_bottom": 8
      },
      "aquifers_enabled": false,
      "debug_settings": {
        "air_state": {
          "Name": "minecraft:crimson_button",
          "Properties": {
            "powered": "false",
            "facing": "north",
            "face": "wall"
          }
        },
        "water_state": {
          "Name": "minecraft:candle",
          "Properties": {
            "waterlogged": "false",
            "lit": "false",
            "candles": "1"
          }
        },
        "lava_state": {
          "Name": "minecraft:orange_stained_glass"
        },
        "barrier_state": {
          "Name": "minecraft:glass"
        }
      },
      "horizontal_radius_multiplier": {
        "type": "minecraft:uniform",
        "value": {
          "min_inclusive": 0.7,
          "max_exclusive": 1.4
        }
      },
      "vertical_radius_multiplier": {
        "type": "minecraft:uniform",
        "value": {
          "min_inclusive": 0.8,
          "max_exclusive": 1.3
        }
      },
      "floor_level": {
        "type": "minecraft:uniform",
        "value": {
          "min_inclusive": -1,
          "max_exclusive": -0.4
        }
      }
    }
  }