{
  "type": "minecraft:growing_plant",
  "config": {
    "direction": "down",
    "allow_water": false,
    "height_distribution": [
      {
        "weight": 2,
        "data": {
          "type": "minecraft:uniform",
          "value": {
            "min_inclusive": 1,
            "max_inclusive": 3
          }
        }
      },
      {
        "weight": 3,
        "data": {
          "type": "minecraft:uniform",
          "value": {
            "min_inclusive": 1,
            "max_inclusive": 3
          }
        }
      },
      {
        "weight": 2,
        "data": {
          "type": "minecraft:uniform",
          "value": {
            "min_inclusive": 1,
            "max_inclusive": 3
          }
        }
      }
    ],
    "body_provider": {
      "type": "minecraft:weighted_state_provider",
      "entries": [
        {
          "weight": 4,
          "data": {
            "Name": "minecraft:andesite_wall",
            "Properties": {
              "up": "true",
              "east": "none",
              "north": "none",
              "south": "none",
              "west": "none",
              "waterlogged": "false"
            }
          }
        },
        {
          "weight": 1,
          "data": {
            "Name": "minecraft:andesite_wall",
            "Properties": {
              "up": "true",
              "east": "none",
              "north": "none",
              "south": "none",
              "west": "none",
              "waterlogged": "false"
            }
          }
        }
      ]
    },
    "head_provider": {
      "type": "minecraft:simple_state_provider",
      "state": {
        "Name": "minecraft:andesite_wall",
        "Properties": {
          "up": "true",
          "east": "none",
          "north": "none",
          "south": "none",
          "waterlogged": "false",
          "west": "none"
        }
      }
    }
  }
}