{
    "type": "minecraft:decorated",
    "config": {
      "decorator": {
        "type": "minecraft:count_extra",
        "config": {
          "count": 2000,
          "extra_count": 0,
          "extra_chance": 0
        }
      },
      "feature": {
        "type": "minecraft:decorated",
        "config": {
          "decorator": {
            "type": "minecraft:square",
            "config": {}
          },
          "feature": {
            "type": "minecraft:decorated",
            "config": {
              "decorator": {
                "type": "minecraft:range",
                "config": {
                  "height": {
                    "type": "minecraft:uniform",
                    "min_inclusive": {
                      "absolute": -54
                    },
                    "max_inclusive": {
                      "absolute": 60
                    }
                  }
                }
              },
              "feature": {
                "type": "minecraft:simple_block",
                "config": {
                  "to_place": {
                    "type": "minecraft:simple_state_provider",
                    "state": {
                      "Name": "minecraft:kelp_plant"
                    }
                  },
                  "place_on": [
                    {
                      "Name": "minecraft:moss_block"
                    },
                    {
                      "Name": "minecraft:tuff"
                    },
                    {
                      "Name": "minecraft:andesite"
                    },
                    {
                      "Name": "minecraft:dripstone_block"
                    },
                    {
                      "Name": "minecraft:stone"
                    },
                    {
                      "Name": "minecraft:deepslate",
                      "Properties": {
                        "axis": "y"
                      }
                    }
                  ],
                  "place_in": [
                    {
                      "Name": "minecraft:water",
                      "Properties": {
                        "level": "0"
                      }
                    }
                  ],
                  "place_under": [
                    {
                      "Name": "minecraft:water",
                      "Properties": {
                        "level": "0"
                      }
                    }
                  ]
                }
              }
            }
          }
        }
      }
    }
  }