{
    "type": "minecraft:decorated",
    "config": {
      "decorator": {
        "type": "minecraft:count",
        "config": {
          "count": {
            "type": "minecraft:uniform",
            "value": {
              "min_inclusive": 40,
              "max_inclusive": 60
            }
          }
        }
      },
      "feature": {
        "type": "minecraft:decorated",
        "config": {
          "decorator": {
            "type": "minecraft:range",
            "config": {
              "height": {
                "type": "minecraft:uniform",
                "min_inclusive": {
                  "above_bottom": 0
                },
                "max_inclusive": {
                  "absolute": 54
                }
              }
            }
          },
          "feature": {
            "type": "minecraft:decorated",
            "config": {
              "decorator": {
                "type": "minecraft:square",
                "config": {}
              },
              "feature": {
                "type": "minecraft:glow_lichen",
                "config": {
                  "search_range": 20,
                  "chance_of_spreading": 0.5,
                  "can_place_on_floor": false,
                  "can_place_on_ceiling": true,
                  "can_place_on_wall": true,
                  "can_be_placed_on": [
                    {
                      "Name": "minecraft:stone"
                    },
                    {
                      "Name": "minecraft:andesite"
                    },
                    {
                      "Name": "minecraft:diorite"
                    },
                    {
                      "Name": "minecraft:granite"
                    },
                    {
                      "Name": "minecraft:dripstone_block"
                    },
                    {
                      "Name": "minecraft:calcite"
                    },
                    {
                      "Name": "minecraft:tuff"
                    },
                    {
                      "Name": "minecraft:deepslate",
                      "Properties": {
                        "axis": "y"
                      }
                    }
                  ]
                }
              }
            }
          }
        }
      }
    }
  }
  