{
    "type": "minecraft:decorated",
    "config": {
      "decorator": {
        "type": "minecraft:chance",
        "config": {
          "chance": 9
        }
      },
      "feature": {
        "type": "minecraft:decorated",
        "config": {
          "decorator": {
            "type": "minecraft:square",
            "config": {}
          },
          "feature": {
            "type": "minecraft:decorated",
            "config": {
              "decorator": {
                "type": "minecraft:range",
                "config": {
                  "height": {
                    "type": "minecraft:trapezoid",
                    "min_inclusive": {
                      "above_bottom": -80
                    },
                    "max_inclusive": {
                      "above_bottom": 80
                    }
                  }
                }
              },
              "feature": {
                "type": "minecraft:ore",
                "config": {
                  "size": 12,
                  "discard_chance_on_air_exposure": 0.7,
                  "targets": [
                    {
                      "target": {
                        "predicate_type": "minecraft:tag_match",
                        "tag": "minecraft:stone_ore_replaceables"
                      },
                      "state": {
                        "Name": "minecraft:diamond_ore"
                      }
                    },
                    {
                      "target": {
                        "predicate_type": "minecraft:tag_match",
                        "tag": "minecraft:deepslate_ore_replaceables"
                      },
                      "state": {
                        "Name": "minecraft:deepslate_diamond_ore"
                      }
                    }
                  ]
                }
              }
            }
          }
        }
      }
    }
  }
  