{
    "type": "minecraft:decorated",
    "config": {
      "decorator": {
        "type": "minecraft:count",
        "config": {
          "count": 30
        }
      },
      "feature": {
        "type": "minecraft:decorated",
        "config": {
          "decorator": {
            "type": "minecraft:square",
            "config": {}
          },
          "feature": {
            "type": "minecraft:decorated",
            "config": {
              "decorator": {
                "type": "minecraft:range",
                "config": {
                  "height": {
                    "type": "minecraft:uniform",
                    "min_inclusive": {
                      "absolute": 136
                    },
                    "max_inclusive": {
                      "below_top": 0
                    }
                  }
                }
              },
              "feature": {
                "type": "minecraft:ore",
                "config": {
                  "size": 17,
                  "discard_chance_on_air_exposure": 0,
                  "targets": [
                    {
                      "target": {
                        "predicate_type": "minecraft:tag_match",
                        "tag": "minecraft:stone_ore_replaceables"
                      },
                      "state": {
                        "Name": "minecraft:coal_ore"
                      }
                    },
                    {
                      "target": {
                        "predicate_type": "minecraft:tag_match",
                        "tag": "minecraft:deepslate_ore_replaceables"
                      },
                      "state": {
                        "Name": "minecraft:deepslate_coal_ore"
                      }
                    }
                  ]
                }
              }
            }
          }
        }
      }
    }
  }
  