{
  "type": "minecraft:vegetation_patch",
  "config": {
    "surface": "floor",
    "depth": 2,
    "vertical_range": 10,
    "extra_bottom_block_chance": 0,
    "extra_edge_column_chance": 0.3,
    "vegetation_chance": 0.0,
    "xz_radius": {
      "type": "minecraft:uniform",
      "value": {
        "min_inclusive": 8,
        "max_inclusive": 14
      }
    },
    "replaceable": "minecraft:moss_replaceable",
    "ground_state": {
      "type": "minecraft:simple_state_provider",
      "state": {
        "Name": "minecraft:granite"
      }
    },
    "vegetation_feature": "minecraft:jungle_tree_no_vine"
  }
}