{
    "type": "minecraft:vegetation_patch",
    "config": {
      "surface": "ceiling",
      "depth": {
        "type": "minecraft:uniform",
        "value": {
          "min_inclusive": 2,
          "max_inclusive": 4
        }
      },
      "vertical_range": 10,
      "extra_bottom_block_chance": 0,
      "extra_edge_column_chance": 0.3,
      "vegetation_chance": 0.08,
      "xz_radius": {
        "type": "minecraft:uniform",
        "value": {
          "min_inclusive": 8,
          "max_inclusive": 14
        }
      },
      "replaceable": "minecraft:moss_replaceable",
      "ground_state": {
        "type": "minecraft:simple_state_provider",
        "state": {
          "Name": "minecraft:coarse_dirt"
        }
      },
      "vegetation_feature": "minecraft:jungle/junglevine"
    }
  }