{
  "type": "minecraft:decorated",
  "config": {
    "decorator": {
      "type": "minecraft:count",
      "config": {
        "count": 40
      }
    },
    "feature": {
      "type": "minecraft:decorated",
      "config": {
        "decorator": {
          "type": "minecraft:square",
          "config": {}
        },
        "feature": {
          "type": "minecraft:decorated",
          "config": {
            "decorator": {
              "type": "minecraft:range",
              "config": {
                "height": {
                  "type": "minecraft:uniform",
                  "min_inclusive": {
                    "above_bottom": 0
                  },
                  "max_inclusive": {
                    "absolute": 60
                  }
                }
              }
            },
            "feature": {
              "type": "minecraft:decorated",
              "config": {
                "decorator": {
                  "type": "minecraft:cave_surface",
                  "config": {
                    "surface": "floor",
                    "floor_to_ceiling_search_range": 12
                  }
                },
                "feature": {
                  "type": "minecraft:vegetation_patch",
                  "config": {
                    "surface": "floor",
                    "depth": 2,
                    "vertical_range": 10,
                    "extra_bottom_block_chance": 0,
                    "extra_edge_column_chance": 0.3,
                    "vegetation_chance": 0.0,
                    "xz_radius": {
                      "type": "minecraft:uniform",
                      "value": {
                        "min_inclusive": 8,
                        "max_inclusive": 14
                      }
                    },
                    "replaceable": "minecraft:moss_replaceable",
                    "ground_state": {
                      "type": "minecraft:simple_state_provider",
                      "state": {
                        "Name": "minecraft:granite_slab",
                        "Properties": {
                          "type": "bottom",
                          "waterlogged": "false"
                        }
                      }
                    },
                    "vegetation_feature": "minecraft:jungle_tree_no_vine"
                  }
                }
              }
            }
          }
        }
      }
    }
  }
}