{
  "type": "minecraft:decorated",
  "config": {
    "decorator": {
      "type": "minecraft:count",
      "config": {
        "count": {
          "type": "minecraft:uniform",
          "value": {
            "min_inclusive": 20,
            "max_inclusive": 60
          }
        }
      }
    },
    "feature": {
      "type": "minecraft:decorated",
      "config": {
        "decorator": {
          "type": "minecraft:square",
          "config": {}
        },
        "feature": {
          "type": "minecraft:decorated",
          "config": {
            "decorator": {
              "type": "minecraft:range",
              "config": {
                "height": {
                  "type": "minecraft:uniform",
                  "min_inclusive": {
                    "above_bottom": 0
                  },
                  "max_inclusive": {
                    "absolute": 59
                  }
                }
              }
            },
            "feature": {
              "type": "minecraft:small_dripstone",
              "config": {
                "max_placements": 5,
                "empty_space_search_radius": 10,
                "max_offset_from_origin": 2,
                "chance_of_taller_dripstone": 0.2
              }
            }
          }
        }
      }
    }
  }
}